title,product
Melea Markell,Blanc Channel
Melea Markell,Pink Chanel Couture
Melea Markell,Pink Channel
Melea Markell,Victoria Blue
Melea Markell,Paragon Blanc
Melea Markell,Paragon Blue
Melea Markell,Victoria Blanc
Melea Markell,Geneviere
Melea Markell,Crysanthemum Blanc
Melea Markell,Paragon Rose
Melea Markell,Paragon Verde
Melea Markell,Laurel Way
Melea Markell,Allyson Rose
Melea Markell,Allyson Blanc
Melea Markell,Pineapple Place
Melea Markell,Aqua Prism
Melea Markell,Ansley Celdon
Melea Markell,Ansley Blanc
Melea Markell,Aeril Rose
Melea Markell,Linara Sun
Melea Markell,Lanesborough
Melea Markell,Lilia
Melea Markell,LY-65131-C
Melea Markell,Tara Blanc
Melea Markell,Cloister Blanc Couture
Melea Markell,Cloister Blanc
Melea Markell,Snow Magnolia Couture
Melea Markell,Snow Magolia
Melea Markell,Pink Prisim
Melea Markell,Marianna Verde
Melea Markell,Marianna Coral
Melea Markell,Chrysanthemum Blue Couture
Melea Markell,Chrysanthemum Blue
Melea Markell,Bridgette Bay
Melea Markell,Kensington Marble
Melea Markell,Kensington Blanc
Barclay Butera,Galena Blue
Barclay Butera,Talisman Gold
Barclay Butera,Endicott Blanc
Barclay Butera,Endicott Nero
Barclay Butera,Larson View
Barclay Butera,Mesa Canyon
Barclay Butera,Lake Ridge
Barclay Butera,Baywind
Barclay Butera,Cordova Blue
Barclay Butera,Modern Trellis
Barclay Butera,Mini Glacierwood
Barclay Butera,Glacierwood
Barclay Butera,Oberon Blue
Barclay Butera,Cannon Park
Barclay Butera,Cedar Lodge
Barclay Butera,Bridgewater
Barclay Butera,Belair Blue
Barclay Butera,Alabaster Chandelier
Barclay Butera,Tiered Glass Chandelier
Barclay Butera,Tall Dark Bronze Hex Lantern
Barclay Butera,3 Lt Dark Bronze Hex Lantern
Barclay Butera,Lantern
Barclay Butera,420-99-15525
Barclay Butera,Windsor Gold
Barclay Butera,Malibu Marble
Barclay Butera,Brighton Gray
Barclay Butera,White Birch
Barclay Butera,Arapaho Blue
Barclay Butera,Taverna Marble
Barclay Butera,Full Moon
Barclay Butera,Saint Lucia
Barclay Butera,Midnight Moon
Barclay Butera,Winhurst Blue
Barclay Butera,Studio One
Barclay Butera,Manta Ray
Barclay Butera,Calacatta Gold
Melea Markell,Annavera
Melea Markell,Alessandria Twist
Melea Markell,Rose Quartz
Melea Markell,574-45-15975
Melea Markell,"4 Door, 3 Drawer Console Chest"
Melea Markell,Silver Bamboo Motif Glass Coffee Table
Melea Markell,Three Drawer Green & Yellow Chest
Melea Markell,574-45-15881
Melea Markell,574-45-15880
Melea Markell,574-11-15879
Melea Markell,31-60-15936
Melea Markell,31-55-15965
Melea Markell,31-55-15964
Melea Markell,31-10-15934
Melea Markell,Summer Place
Melea Markell,Pink Dogwood Couture
Melea Markell,Pink Dogwood
Melea Markell,Spring Dogwood Couture
Melea Markell,Spring Dogwood
Melea Markell,Heirloom
Melea Markell,Dogwood Wide Mouth Flower Vase
Melea Markell,Tall White Dogwood Floral Vase
Melea Markell,Lavender Adalyn
Melea Markell,Blush Arabella
Melea Markell,Celedon Arabella
Melea Markell,Blanc Arabella
Melea Markell,Crystal Flower
Melea Markell,S/2 Black Floral Panels
Melea Markell,Antique Cream - Mint Commode
Melea Markell,Antique Cream - Pink Commode
Melea Markell,Golden Globe
Melea Markell,Aris Blue Garden
Melea Markell,Lily Grey
Melea Markell,Lela Blue
Melea Markell,574-45-15848
Melea Markell,574-45-15847
Barclay Butera,Carrara Gold
Barclay Butera,Summer Trellis
Barclay Butera,Anchor Marine
Barclay Butera,Lanier Shade
Barclay Butera,6lt Vista Mar
Barclay Butera,6lt Escondido
Barclay Butera,Lunita
Barclay Butera,Villa Costera
Barclay Butera,Glass Ball
Barclay Butera,Zuma Mesa
Barclay Butera,Oceanaire
Barclay Butera,Solar Galaxy
Barclay Butera,Endicott Floor
Barclay Butera,Bronze Alabaster
Barclay Butera,Inverness Arms
Barclay Butera,Altura
Barclay Butera,Wind Swept Gray
Barclay Butera,Wind Swept Blue
Barclay Butera,Harbor Coast
Barclay Butera,Bimini Blue Couture
Barclay Butera,Bimini Blue
Barclay Butera,Spring Coventry Couture
Barclay Butera,Spring Coventry
Barclay Butera,Westcliff
Barclay Butera,Seacliff
Barclay Butera,Anthologie
Barclay Butera,Look Book
Barclay Butera,Volterra Blanca
Barclay Butera,Volterra Blue
Barclay Butera,Ice Dance
Barclay Butera,Pavillion
Barclay Butera,Ice Palace
Barclay Butera,Ice Dance
Barclay Butera,Shenzhen Blue Couture
Barclay Butera,Shenzhen White
Barclay Butera,Tiburon Floor
Melea Markell,574-45-15846
Melea Markell,574-45-15845
Melea Markell,Waverly Rose
Melea Markell,Gold Brielle
Melea Markell,Gold Aurelia
Melea Markell,Gold Amara
Melea Markell,Savannah Rose
Melea Markell,Morning Blush
Melea Markell,Antique Glass Flower Vase
Melea Markell,Glass Vase With Brass Accent
Melea Markell,31-60-15511
Melea Markell,31-60-15510
Melea Markell,Peridot
Melea Markell,Avril Crackle
Melea Markell,Pink Droplet
Melea Markell,76-11-15211
Melea Markell,574-45-15323
Melea Markell,574-45-15322
Melea Markell,571-45-15232
Melea Markell,Noella
Melea Markell,Madalene
Melea Markell,Avril Rose Bleu
Melea Markell,Avril Rose Blanc
Melea Markell,Petit Eau Claire
Melea Markell,Eau Claire
Melea Markell,Pink Pallazo
Melea Markell,Antoinette Rose
Melea Markell,Antoinette Bleu
Melea Markell,Arielle Rose Couture
Melea Markell,Arielle Rose
Melea Markell,Arielle Bleu Couture
Melea Markell,Arielle Bleu
Melea Markell,574-45-15077
Melea Markell,White And Gold Side Chest
Melea Markell,574-45-14795
Melea Markell,574-45-14794
Barclay Butera,Andaluca Drop
Barclay Butera,Blue Corsica
Barclay Butera,Bone - Nickel Tissue Box Cover
Barclay Butera,Gold Acanthus
Barclay Butera,Murano Leaves
Barclay Butera,Brown Tay Featuring Faux Horn
Barclay Butera,420-99-15530
Barclay Butera,420-99-15529
Barclay Butera,420-99-15528
Barclay Butera,420-99-15527
Barclay Butera,420-99-15526
Barclay Butera,420-99-15523
Barclay Butera,Square Box With Faux Horn Finish
Barclay Butera,Asia Minor
Barclay Butera,Delasol
Barclay Butera,Esplanada Stone
Barclay Butera,Aviano Alabaster
Barclay Butera,Argosy Stone
Barclay Butera,Barrington Marble
Barclay Butera,Banyan Waterfall
Barclay Butera,Soho Cascade
Barclay Butera,Large Two Toned Leather Box
Barclay Butera,Two Toned Leather Box
Barclay Butera,Golden Canyon
Barclay Butera,Golden Canyon
Barclay Butera,Golden Zephyr
Barclay Butera,Catalania
Barclay Butera,402-15-15408
Barclay Butera,St Lucia
Barclay Butera,St Giles
Barclay Butera,Tuscan Gold
Barclay Butera,Winborne White
Barclay Butera,Winborne Blue
Barclay Butera,Shenzen White
Barclay Butera,Grenada Hills
Barclay Butera,Set Of Two Glass Hurricanes
Melea Markell,574-45-14793
Melea Markell,574-45-14331
Melea Markell,571-45-14945
Melea Markell,Pink Tear Drop Vase
Melea Markell,563-55-15191
Melea Markell,31-15-14997
Barclay Butera,Set Of 3 Glass Candle Holders
Barclay Butera,402-15-15401
Barclay Butera,Mariner Clock
Barclay Butera,Marble Cove
Barclay Butera,Marble Cove
Barclay Butera,Zephyr Gold
Barclay Butera,Zephyr Silver
Barclay Butera,Zephyr Gold
Barclay Butera,Zephyr Silver
Barclay Butera,Davidoff
Barclay Butera,Sunglow Chandel
Barclay Butera,Large Dark Brown Croc Leather Box
Barclay Butera,Dark Brown Croc Leather Box
Barclay Butera,Casa Palermo
Barclay Butera,Balboa Bay
Barclay Butera,Oxford
Barclay Butera,Del Mar Bay
Barclay Butera,Newport Beach Rev
Barclay Butera,Newport Beach
Barclay Butera,San Simeon
Barclay Butera,The Harlow
Barclay Butera,Sea Cliff Rev
Barclay Butera,Montecito
Barclay Butera,Redondo Beach
Barclay Butera,Windsor Blue
Barclay Butera,Windsor Blue
Barclay Butera,Zuma Rev
Barclay Butera,Zuma
Barclay Butera,Pacific Realm Rev
Barclay Butera,Bossa Nova
Barclay Butera,Hatteras Rev
Barclay Butera,Hatteras
Barclay Butera,Samba
Barclay Butera,Saratoga Springs
Barclay Butera,Hemingway
Barclay Butera,Ocean Views
Barclay Butera,Blue Corsica
Barclay Butera,Caribbean Coral
Barclay Butera,563-55-15216
Barclay Butera,406-60-14971
Barclay Butera,Mercury Glass Trophy Jar
Barclay Butera,Mercury Glass Trophy Jar
Barclay Butera,JZ-63154
Barclay Butera,Small Marina Blue Marble Temple Jar
Barclay Butera,Large Green & White Temple Jar
Barclay Butera,Graphite Marble
Barclay Butera,Marina Blue Marble Temple Jar
Barclay Butera,Rio Vista Blanc Couture
Barclay Butera,Marina Blue Marble
Barclay Butera,Emerald Bossa Nova
Barclay Butera,Rio Vista Blanc
Barclay Butera,Escondido Wave
Barclay Butera,Blanc Dahlia
Barclay Butera,Etcetera
Barclay Butera,406-55-14968
